poid_moyen_médailler_f,poid_moyen_f,poid_moyen_médailler_m,poid_moyen_m,,Select avg(a.poid) poid_moyen_médailler_F from participe p join jo using(jno) join athlete a using(ano) where jo.anne ='1984' and saison= 'Winter' and medaille is not null and sexe= 'F'
59.556603773584904,58.1844262295082,78.59880239520957,75.39802182810368,,
,,,,,
,,,,,
,,,,,
,,,,,
,,,,,"Select avg(a.poid) poid_moyen_F from participe p join jo using(jno) join athlete a using(ano) where jo.anne ='1984' and sexe= 'F' and saison= 'Winter';
"
,,,,,
,,,,,
,,,,,
,,,,,
,,,,,
,,,,,Select avg(a.poid) poid_moyen_médailler_M from participe p join jo using(jno) join athlete a using(ano) where jo.anne ='1984' and medaille is not null and sexe= 'M' and saison= 'Winter'
,,,,,
,,,,,
,,,,,
,,,,,
,,,,,
,,,,,
,,,,,
,,,,,"Select avg(a.poid) poid_moyen_M from participe p join jo using(jno) join athlete a using(ano) where jo.anne ='1984' and sexe= 'M' and saison= 'Winter';
"
