name,nb_particant,nb_medailler,nb_participant_f,proportion de femme,proportion de médaillées parmi les femme,proportion de femme parmi les médaillées
France                                                                                              ,4500,582,1707,"0,379","0,097","0,286"
,,,nb medaille,,,
,"Select noc.name, count(*) nb_particant from participe p join jo using(jno) join athlete a using(ano) join noc using(noc) where jo.anne <2017 and jo.anne >1991 and noc.name = 'France' group by noc.name;","Select count(*) nb_medailler from participe p join jo using(jno) join athlete a using(ano) join noc using(noc) where jo.anne <2017 and jo.anne >1991 and medaille is not null and noc.name = 'France';
",167,,,
,,,Select count(*) nb_participant_F from participe p join jo using(jno) join athlete a using(ano) join noc using(noc) where jo.anne <2017 and jo.anne >1991 and a.sexe= 'F' and noc.name = 'France';,,,
